Course,Prerequisite
CS1308,
CS1319,
CS1428,MATH 1315
CS2308,CS1428
CS2315,COMM1310
CS2315,ENG1310
CS2315,PHIL1305
CS2318,MATH2358
CS2318,CS2308
CS3320,CS2308
CS3339,CS2318
CS3354,CS2308
CS3358,CS2308
CS3358,MATH2358
CS3369,CS2318
CS3378,CS3358
CS3398,CS3358
CS3398,CS 2315
CS4100,
CS4298,
CS4299,CS4298
CS4310,CS3358
CS4315,CS3358
CS4318,CS3358
CS4326,CS3358
CS4328,CS3339
CS4328,CS3358
CS4332,CS3358
CS4346,CS3358
CS4347,CS3358
CS4350,CS3358
CS4368,CS3358
CS4371,CS3358
CS4372,CS3358
CS4378W,CS3358
CS4378Z,CS3398
CS4379A,CS3398
CS4379B,CS3358
CS4379C,
CS4379Q,CS3358
CS4379V,
CS4379Y,CS3339
CS4379Y,CS3558
CS4380,CS3358
CS4380,CS3339
CS4388,CS3358
CS4395,CS3358
CS4398,CS3398
